{"_map_id": 3, "_size": [10, 10], "_endzone": [[3, 5], [9, 3], [4, 2]], "_reward": {"5": [3.9208706129953534, 0.5510668529817322], "6": [4.272369604548176, 0.5758699319939895], "8": [2.9595600427056543, 0.6197584727441802], "13": [3.506123077365615, 0.670353569562742], "24": [2.7808550791753675, 0.7619772763940608], "32": [1.9014472175685901, 0.8864236267194547], "39": [2.149810246733013, 0.6285710282524088], "40": [3.768163783407659, 0.4597385892713951], "45": [2.672238414386344, 0.3267952452874998], "50": [4.478109645312709, 0.7927562432461734], "51": [3.274896358669185, 0.3038702311411634], "54": [3.377406527731997, 0.9714297168892478], "65": [2.4693900793821295, 0.42939432843082814], "78": [3.5547025657380864, 0.7554054916157216], "85": [4.152897936081247, 0.9660294889345812], "91": [2.395572704816032, 0.8179370454807899], "95": [3.793824230919589, 0.1289867968560403]}, "_drift": {"6": [0.13898414851430035, 0.16884072967087618, 0.031285297468345144, 0.3519938940839872, 0.30889593026249107], "18": [0.3083271862018781, 0.03275879003544643, 0.22286611382149987, 0.1561238673567837, 0.27992404258439196], "24": [0.11872023881001663, 0.1004383667171025, 0.33639424129958906, 0.25963605434423465, 0.18481109882905716], "28": [0.07558267137006329, 0.10526029657456243, 0.27071599786463657, 0.39872958970367983, 0.1497114444870578], "29": [0.015270134967122533, 0.17034489486764795, 0.43895138493124464, 0.01484583657725295, 0.3605877486567319], "36": [0.2675700212743438, 0.22168708953510188, 0.24313884232728478, 0.00847226535816628, 0.25913178150510324], "38": [0.20772738653600537, 0.12974956252933836, 0.16053347899517545, 0.3134806363651808, 0.18850893557429987], "40": [0.26708138350502686, 0.06572602686863842, 0.260906480560023, 0.2164737338617756, 0.18981237520453625], "41": [0.4314962298749513, 0.22529047163360258, 0.015621780115870284, 0.10007430868706914, 0.22751720968850672], "54": [0.08280709233086682, 0.14107556138710386, 0.26399182048690845, 0.28946775291478466, 0.22265777288033617], "68": [0.15236287362869008, 0.29110388166664564, 0.18793034052931024, 0.2396473849537663, 0.12895551922158766], "70": [0.17802517224386052, 0.14233513281663604, 0.28622424242280387, 0.2644492197328024, 0.12896623278389718], "74": [0.15765204903988342, 0.2011746329092104, 0.15438389479315523, 0.170054139596561, 0.31673528366118997], "78": [0.34689413817384684, 0.18630170943904859, 0.1665480103173006, 0.1025275314250396, 0.19772861064476455], "88": [0.27635544785504373, 0.02602205542871628, 0.031157339115104488, 0.37223469362344747, 0.2942304639776881], "94": [0.1254579928316134, 0.11820513713819847, 0.5616266313945948, 0.09998797474005952, 0.09472226389553394], "97": [0.1920937044380935, 0.24923620897956447, 0.17243862087569684, 0.2655912267224127, 0.12064023898423269], "99": [0.13097624620766746, 0.1514697494273786, 0.03104004054668065, 0.22324010088013346, 0.4632738629381399]}, "_drift_unit": [-2, -1, 0, 1, 2]}