{"_map_id": 2, "_size": [10, 10], "_endzone": [[3, 5], [1, 2], [3, 4], [7, 8], [9, 3], [4, 2], [8, 8], [6, 7]], "_reward": {"7": [4.021094632659125, 0.6682932159630676], "8": [3.7548140489210597, 0.5765097410270469], "19": [1.164782387754628, 0.4860209949070403], "23": [1.0174492940388262, 0.06369314955978989], "29": [4.040787547464525, 0.955658322770197], "31": [3.8264730282849513, 0.8831606930119748], "36": [1.9224280680865473, 0.3665943791426327], "38": [3.719829692499782, 0.21259491517815243], "42": [3.7595549945249322, 0.37947216519617843], "44": [4.3411816644944405, 0.6739276907371681], "56": [3.549035984698743, 0.9623042525197134], "58": [1.5647463429408144, 0.435359180477062], "59": [1.766067801688743, 0.6702540315996487], "62": [2.587471894919027, 0.6483744526411065], "71": [2.786697362686201, 0.6028208324944889], "72": [1.631911700528653, 0.19610629779630562], "79": [3.534007088672516, 0.39767762495723247], "81": [3.3787062563853465, 0.7513215740204144], "87": [2.6607564634368037, 0.9064119553232547], "90": [2.7556872296842454, 0.6205464232790241]}, "_drift": {"0": [0.04767037313515025, 0.09581007269641062, 0.3271782764865001, 0.32093336727679256, 0.20840791040514658], "1": [0.02445144830472895, 0.251134631488166, 0.10730932119300356, 0.36313501106962565, 0.2539695879444759], "16": [0.041877091727996786, 0.24473116058369757, 0.22077352256862678, 0.08163010764461276, 0.41098811747506614], "17": [0.21502258373802788, 0.10519871324201352, 0.027639738423790226, 0.3175595383766854, 0.33457942621948306], "24": [0.18391775995781678, 0.21811171905389118, 0.23657907475838633, 0.15295447284100397, 0.20843697338890185], "30": [0.25379878358482294, 0.2872712063856386, 0.26023695212953596, 0.18744773173198578, 0.011245326168016715], "32": [0.22614659827942674, 0.22844038634833394, 0.25317904549732145, 0.17609827313525692, 0.11613569673966084], "36": [0.029722827057642454, 0.15471558291199178, 0.6812150006193761, 0.03966145009688565, 0.09468513931410416], "39": [0.1607371960262258, 0.09108488580244986, 0.3078644337354476, 0.12853219404337565, 0.31178129039250096], "44": [0.0007522192871555883, 0.24580345955219904, 0.2149660347398531, 0.24274927103371652, 0.2957290153870758], "55": [0.10490662066095349, 0.03467750798142539, 0.09411789765684384, 0.4289197725245869, 0.3373782011761904], "75": [0.10154447516634073, 0.1407799388050725, 0.17365857187917572, 0.2918823025714895, 0.29213471157792154], "87": [0.09391180316237444, 0.07124113855235624, 0.34590759775779495, 0.2565717064260338, 0.23236775410144062], "89": [0.10103063504879414, 0.18192721509258183, 0.5800075479782719, 0.06065734093570753, 0.07637726094464457], "90": [0.10223864201118876, 0.1056962005892356, 0.2634484708784257, 0.25149598935500844, 0.2771206971661415], "95": [0.14696805677934663, 0.3475931023988664, 0.21851589327700752, 0.2603490550642036, 0.02657389248057585], "96": [0.08843395864388115, 0.1303598439647608, 0.10065824363609259, 0.5321119691799008, 0.1484359845753648]}, "_drift_unit": [-2, -1, 0, 1, 2]}