{"_map_id": 1, "_size": [10, 10], "_endzone": [[3, 5], [9, 3], [4, 2], [8, 8], [6, 7]], "_reward": {"0": [9.961629322584006, 0.08283278708690978], "2": [12.710370499141863, 0.9156461264234624], "6": [10.985777365436132, 0.27139949572988076], "7": [9.891929364192599, 0.5339579030490936], "11": [10.173200560113148, 0.4297868658408568], "32": [10.088042010948495, 0.25761155377967493], "40": [8.581489148317182, 0.8243510371816652], "48": [11.746234069963375, 0.15790313069530393], "51": [9.706722978730932, 0.2927261150343733], "52": [8.582486325700462, 0.11079245432925011], "77": [11.166464113526866, 0.6060377630643854], "83": [9.980635160787354, 0.27853131189774627], "86": [10.927144142562863, 0.2585423814124119], "93": [9.83496187775119, 0.1618675472239871], "98": [9.091461709152899, 0.41285014235764206]}, "_drift": {"1": [0.21204253524038374, 0.15847203785319405, 0.29021004316604865, 0.23055292148906004, 0.1087224622513134], "22": [0.3201184904610409, 0.36142117590046724, 0.08662822538843097, 0.12659807415976754, 0.10523403409029351], "29": [0.04845069947928505, 0.1366261758342, 0.3220112393830278, 0.09915496221817002, 0.3937569230853172], "32": [0.3470155160328212, 0.15660675730546864, 0.16873882821783875, 0.08020736443092875, 0.24743153401294266], "64": [0.18658214198699594, 0.07172439551408961, 0.4561758853885015, 0.16796965686215087, 0.11754792024826223], "79": [0.3125134951316938, 0.042403171174528034, 0.04512104065044253, 0.272068951389826, 0.32789334165350964]}, "_drift_unit": [-2, -1, 0, 1, 2]}